{
  "ranker": {
    "n_estimators": 200,
    "train_corr": 0.6303591697136208,
    "val_corr": 0.02452127116271741,
    "feature_importance": {
      "ret_1_z": 0.02422683254714631,
      "ret_3_z": 0.02523929952010829,
      "ret_5_z": 0.025841128920464702,
      "ret_10_z": 0.04631236969112774,
      "range_5_z": 0.06544061480725774,
      "range_10_z": 0.09164488875279571,
      "vol_5_z": 0.03594446249498526,
      "vol_10_z": 0.050034762958283234,
      "body_pct_z": 0.01932764583242489,
      "close_pos_z": 0.0196016327694578,
      "upper_wick_pct_z": 0.021624864879528232,
      "lower_wick_pct_z": 0.03159104391062747,
      "vol_ratio_z": 0.028610678275239648,
      "vol_chg_5_z": 0.026355639133347254,
      "dv_20_z": 0.11054655129756068,
      "rsi_14_z": 0.04503079213108266,
      "macd_line_z": 0.06743892113696848,
      "macd_signal_z": 0.08606020468892006,
      "macd_hist_z": 0.07291315800212174,
      "bb_position_z": 0.02839905687069448,
      "bb_width_z": 0.07781545137985782
    }
  },
  "regressor": {
    "n_estimators": 200,
    "train_rmse": 0.03668891363285238,
    "val_rmse": 0.04521223250750672,
    "train_corr": 0.6303591697136208,
    "val_corr": 0.02452127116271741,
    "feature_importance": {
      "ret_1_z": 0.02422683254714631,
      "ret_3_z": 0.02523929952010829,
      "ret_5_z": 0.025841128920464702,
      "ret_10_z": 0.04631236969112774,
      "range_5_z": 0.06544061480725774,
      "range_10_z": 0.09164488875279571,
      "vol_5_z": 0.03594446249498526,
      "vol_10_z": 0.050034762958283234,
      "body_pct_z": 0.01932764583242489,
      "close_pos_z": 0.0196016327694578,
      "upper_wick_pct_z": 0.021624864879528232,
      "lower_wick_pct_z": 0.03159104391062747,
      "vol_ratio_z": 0.028610678275239648,
      "vol_chg_5_z": 0.026355639133347254,
      "dv_20_z": 0.11054655129756068,
      "rsi_14_z": 0.04503079213108266,
      "macd_line_z": 0.06743892113696848,
      "macd_signal_z": 0.08606020468892006,
      "macd_hist_z": 0.07291315800212174,
      "bb_position_z": 0.02839905687069448,
      "bb_width_z": 0.07781545137985782
    }
  },
  "train_samples": 29000,
  "val_samples": 7300,
  "train_dates": 580,
  "val_dates": 146
}