{
  "ranker": {
    "n_estimators": 200,
    "train_corr": 0.6549724592536581,
    "val_corr": -0.0023267574440267746,
    "feature_importance": {
      "ret_1_z": 0.04642578141452811,
      "ret_3_z": 0.056828607648148295,
      "ret_5_z": 0.069108193679031,
      "ret_10_z": 0.1015664622079559,
      "range_5_z": 0.07473892694578745,
      "range_10_z": 0.07685194637390866,
      "vol_5_z": 0.07973018391833936,
      "vol_10_z": 0.08982428911219663,
      "body_pct_z": 0.0417542711442903,
      "close_pos_z": 0.04697497382983371,
      "upper_wick_pct_z": 0.038543318640220106,
      "lower_wick_pct_z": 0.04533465251709404,
      "vol_ratio_z": 0.05072730174361346,
      "vol_chg_5_z": 0.05978261531724277,
      "dv_20_z": 0.12180847550781032
    }
  },
  "regressor": {
    "n_estimators": 200,
    "train_rmse": 0.051243098814819366,
    "val_rmse": 0.061683549689417805,
    "train_corr": 0.6549724592536581,
    "val_corr": -0.0023267574440267746,
    "feature_importance": {
      "ret_1_z": 0.04642578141452811,
      "ret_3_z": 0.056828607648148295,
      "ret_5_z": 0.069108193679031,
      "ret_10_z": 0.1015664622079559,
      "range_5_z": 0.07473892694578745,
      "range_10_z": 0.07685194637390866,
      "vol_5_z": 0.07973018391833936,
      "vol_10_z": 0.08982428911219663,
      "body_pct_z": 0.0417542711442903,
      "close_pos_z": 0.04697497382983371,
      "upper_wick_pct_z": 0.038543318640220106,
      "lower_wick_pct_z": 0.04533465251709404,
      "vol_ratio_z": 0.05072730174361346,
      "vol_chg_5_z": 0.05978261531724277,
      "dv_20_z": 0.12180847550781032
    }
  },
  "train_samples": 18200,
  "val_samples": 4600,
  "train_dates": 182,
  "val_dates": 46
}